Ticker,Company,Sector,Current Price,Market Cap (Cr),PE Ratio,PB Ratio,Dividend Yield %,ROE %,Profit Margin %,Revenue Growth %,Earnings Growth %,Debt/Equity,RSI,Return 1M %,Return 3M %,Return 6M %,Return 1Y %,Volatility %,52W High,52W Low,Target Price,Upside %,Valuation Score,Growth Score,Combined Score,Recommendation,Beta,SMA_50,SMA_200
SUNTECK.NS,Sunteck Realty,Real Estate,301.15,4422.0,21.6,1.32,0.49,5.23,18.19,64.5,26.2,17.31,27.54,-14.49,-26.35,-28.07,,39.61,478.75,270.75,516.8333,71.62,3,95.9,3.4,none,0.72,319.14,389.71
HEROMOTOCO.NS,Hero MotoCorp,Auto,4983.0,99706.0,17.38,4.61,3.72,28.03,12.11,30.2,25.7,3.57,38.8,-1.68,-8.82,-15.37,,26.55,6388.5,4158.1,5931.8857,19.04,10,98.2,6.7,buy,0.56,5152.15,5382.64
IREDA.NS,IREDA,Energy,129.54,36391.0,18.94,2.69,0.92,,45.95,40.8,32.5,554.12,34.69,-6.16,2.82,-9.82,,30.58,186.58,108.65,150.0,15.79,12,99.5,7.4,none,,125.71,136.48
GODREJPROP.NS,Godrej Properties,Real Estate,1760.2,53019.0,28.62,2.77,0.57,9.97,36.06,63.0,70.1,82.12,34.36,-3.53,-3.59,-15.82,,34.17,2506.5,1434.0,2267.4158,28.82,14,100.0,8.4,none,0.48,1704.19,1916.36
IOC.NS,Indian Oil Corp,Energy,142.38,201058.0,4.66,0.89,6.95,20.97,5.37,6.7,78.1,58.45,42.77,-2.07,-17.04,-11.21,,25.19,188.96,130.22,159.41936,11.97,0,75.7,9.7,buy,0.86,142.44,151.18
LUPIN.NS,Lupin,Pharma,2266.0,103605.0,19.46,4.61,0.52,26.91,19.07,31.9,89.0,29.39,28.6,-1.59,2.1,11.66,,20.54,2494.0,1836.8,2458.5,8.5,13,95.0,9.8,buy,0.23,2308.5,2125.96
GENUSPOWER.NS,Genus Power,Energy,325.9,9018.0,15.31,4.06,0.76,29.0,12.47,64.1,39.5,103.82,43.98,4.54,25.18,-1.82,,41.06,430.0,206.36049,437.5,34.24,17,100.0,10.2,strong_buy,0.34,283.37,301.28
M&M.NS,Mahindra & Mahindra,Auto,3107.3,373113.0,20.41,3.73,1.05,18.75,8.46,30.9,44.8,125.07,35.11,0.62,-8.95,-17.13,,26.92,3839.9,2896.0,4143.647,33.35,19,99.7,11.5,strong_buy,0.38,3125.78,3433.87
ICICIBANK.NS,ICICI Bank,Banking,1279.1,917029.0,17.1,2.52,0.85,16.36,24.93,66.9,8.4,,49.86,-1.0,-8.28,-6.6,,18.05,1500.0,1187.6,1669.8,30.54,9,81.7,12.7,strong_buy,0.28,1276.72,1357.99
MRF.NS,MRF,Auto,127160.0,53930.0,22.21,2.57,18.0,12.29,7.79,13.4,37.1,15.29,39.67,-2.27,-13.14,-16.31,,24.65,163600.0,123455.0,137088.4,7.81,19,93.6,13.9,hold,0.2,130933.1,144528.62
COALINDIA.NS,Coal India,Energy,458.15,282345.0,9.08,2.37,4.8,28.12,18.46,16.2,12.9,11.63,38.87,-1.9,8.17,22.74,,21.5,491.25,368.65,450.80768,-1.6,10,79.2,14.3,hold,0.0,456.71,406.67
COALINDIA.NS,Coal India,Metals & Mining,458.15,282345.0,9.08,2.37,4.8,28.12,18.46,16.2,12.9,11.63,38.87,-1.9,8.17,22.74,,21.5,491.25,368.65,450.80768,-1.6,10,79.2,14.3,hold,0.0,456.71,406.67
OBEROIRLTY.NS,Oberoi Realty,Real Estate,1693.7,61583.0,24.54,3.68,0.47,14.91,41.73,52.1,62.4,15.77,53.7,-1.6,12.85,-0.61,,26.11,2005.0,1391.2,1823.6154,7.67,24,100.0,14.4,buy,0.33,1602.06,1617.19
TMCV.NS,Tata Motors CV,Auto,385.1,141813.0,46.79,11.13,1.01,26.05,3.57,19.4,33.4,44.09,25.45,-7.94,-18.57,18.82,,41.65,509.0,306.3,466.63635,21.17,24,100.0,14.4,buy,,414.32,
GRSE.NS,Garden Reach Shipbuilders,DEFENCE,2662.5,30499.0,44.23,11.61,1.0,31.79,10.68,29.1,24.2,1.42,29.52,-7.4,7.48,-5.22,,50.19,3538.4,1963.7,3075.25,15.5,24,100.0,14.4,buy,0.79,2601.24,2543.65
MAZDOCK.NS,Mazagon Dock Shipbuilders,DEFENCE,2460.1,99236.0,38.45,10.17,0.78,28.77,19.86,21.3,109.0,4.48,32.09,-8.32,4.23,-10.11,,35.39,3775.0,2057.4,2851.4443,15.91,24,100.0,14.4,none,0.67,2483.45,2577.73
BPCL.NS,BPCL,Energy,304.6,130143.0,5.04,1.3,6.49,28.47,5.68,6.7,28.0,54.33,44.4,-1.02,-16.84,-14.09,,29.18,391.65,266.6,337.35483,10.75,9,73.4,16.0,hold,0.96,298.09,329.27
HINDCOPPER.NS,Hindustan Copper,Metals & Mining,556.0,53767.0,58.59,18.13,0.45,30.6,29.84,58.1,136.6,3.32,51.65,-0.07,-2.29,77.27,,55.14,760.05,226.7,715.0,28.6,28,100.0,16.8,strong_buy,1.5,532.77,433.23
PERSISTENT.NS,Persistent Systems,IT,5105.8,79768.0,42.94,10.19,0.87,26.35,12.65,25.1,32.1,6.09,53.4,6.29,0.27,-18.62,,31.45,6599.0,4449.1,5596.647,9.61,30,100.0,18.0,buy,0.09,4992.07,5528.41
PNB.NS,Punjab National Bank,Banking,105.91,121722.0,6.62,0.82,2.82,12.98,31.22,15.2,1.9,,40.34,-4.92,-18.27,-13.45,,27.47,135.15,98.5,119.70588,13.03,4,59.8,18.5,none,0.6,108.42,115.49
PHOENIXLTD.NS,Phoenix Mills,Real Estate,1785.4,63853.0,50.85,5.92,14.0,11.06,27.67,33.7,50.0,37.21,41.01,-0.79,2.46,4.1,,27.12,1993.0,1402.5,2009.7,12.56,33,100.0,19.8,buy,0.33,1698.74,1684.22
TCS.NS,TCS,IT,2276.2,823549.0,16.74,7.26,5.37,48.4,18.43,9.6,12.2,10.39,30.88,-5.63,-14.11,-25.44,,21.89,3540.0,2206.4,2939.5813,29.14,17,75.9,19.8,buy,0.29,2392.31,2818.46
SOBHA.NS,Sobha Ltd,Real Estate,1419.0,15177.0,105.97,3.21,0.43,4.17,3.73,60.2,124.3,22.4,41.8,-1.17,-6.27,-8.86,,33.3,1732.5,1130.0,1787.4117,25.96,34,100.0,20.4,strong_buy,0.35,1340.55,1463.45
COFORGE.NS,Coforge,IT,1422.8,61180.0,32.41,5.01,1.14,18.6,9.48,30.5,134.0,7.52,67.21,18.48,6.13,-20.66,,36.08,1994.0,1008.1,1644.8529,15.61,35,100.0,21.0,buy,0.16,1235.17,1559.64
PRESTIGE.NS,Prestige Estates,Real Estate,1402.2,60397.0,50.53,3.82,13.0,8.0,9.42,166.5,901.7,105.49,41.06,-0.03,-5.7,-16.96,,31.33,1814.0,1090.0,1812.6522,29.27,36,100.0,21.6,strong_buy,0.44,1334.31,1524.61
FEDERALBNK.NS,Federal Bank,Banking,290.2,71515.0,16.61,1.79,0.41,11.73,29.91,12.3,22.2,,46.81,-0.14,-0.82,18.42,,24.52,302.0,185.11,315.7647,8.81,27,83.8,22.7,none,0.33,281.78,251.16
BAJAJ-AUTO.NS,Bajaj Auto,Auto,10593.0,295833.0,27.59,7.62,1.43,28.05,16.51,48.8,103.1,56.29,56.75,11.56,8.01,19.13,,21.93,10785.0,7858.5,10744.975,1.43,38,100.0,22.8,buy,0.71,9710.28,9280.02
NESTLEIND.NS,Nestle India,FMCG,1428.6,275479.0,78.97,53.42,0.85,76.34,15.11,23.8,27.4,8.61,28.94,-0.79,10.42,12.15,,20.22,1498.1,1084.7,1472.9166,3.1,41,100.0,24.6,none,0.49,1333.13,1260.83
INFY.NS,Infosys,IT,1167.7,472651.0,15.26,5.02,4.28,31.44,16.43,6.6,11.8,9.83,50.11,1.35,-13.71,-24.42,,25.48,1728.0,1089.0,1460.95,25.11,20,68.5,24.6,buy,0.13,1227.31,1434.29
JSWSTEEL.NS,JSW Steel,Metals & Mining,1293.6,315720.0,14.17,3.16,0.55,27.26,12.03,14.2,991.8,94.16,57.16,0.94,4.68,13.44,,23.3,1314.0,962.15,1361.6,5.26,32,83.4,25.9,buy,0.6,1224.7,1169.95
HINDUNILVR.NS,Hindustan Unilever,FMCG,2209.4,519119.0,48.83,10.65,2.0,21.6,23.33,4.3,21.4,3.02,32.65,-3.5,-4.54,-9.22,,20.03,2750.0,2022.5,2561.1082,15.92,29,78.7,25.9,buy,0.4,2202.93,2377.47
MPHASIS.NS,Mphasis,IT,2265.3,43226.0,24.04,4.25,2.76,18.29,11.73,14.4,14.0,24.38,56.31,-0.22,-4.57,-17.54,,27.58,3037.2,2013.0,2647.861,16.89,30,79.0,26.4,buy,0.43,2222.42,2611.56
TATASTEEL.NS,Tata Steel,Metals & Mining,210.47,262495.0,28.6,2.76,1.9,11.16,4.65,12.5,125.4,89.02,42.52,-2.13,1.01,25.28,,26.67,224.4,149.8,224.88571,6.85,40,93.3,26.7,hold,0.79,205.6,184.76
BRITANNIA.NS,Britannia,FMCG,5338.0,128575.0,50.87,25.18,1.7,53.31,13.23,7.9,21.1,26.88,20.13,-5.72,-12.47,-8.17,,20.08,6336.0,5279.5,6251.647,17.12,34,83.4,27.0,buy,0.54,5590.28,5834.72
ONGC.NS,ONGC,Energy,287.5,361683.0,9.51,0.98,6.49,,5.8,0.8,16.2,43.8,56.49,-4.58,3.18,19.16,,21.96,307.5,228.61,307.93332,7.11,23,64.8,27.9,buy,0.19,284.69,250.89
TATAELXSI.NS,Tata Elxsi,IT,4335.6,27010.0,43.0,8.88,1.73,21.3,16.73,5.8,27.8,5.34,54.09,4.94,-10.77,-18.51,,29.02,6735.0,3945.0,4314.067,-0.5,38,86.8,28.1,hold,0.3,4254.12,5051.44
PARAS.NS,Paras Defence,DEFENCE,858.15,6916.0,78.37,10.3,6.0,13.14,18.49,57.9,74.6,3.73,58.63,6.41,33.64,18.96,,44.08,942.0,580.5,703.0,-18.08,47,100.0,28.2,underperform,0.62,738.32,696.56
LODHA.NS,Macrotech Developers,Real Estate,903.7,90272.0,26.36,3.88,0.47,15.71,20.56,7.6,9.4,42.24,39.67,2.36,-15.63,-23.21,,33.59,1531.0,650.8,1200.1666,32.81,26,68.2,28.3,none,0.6,844.11,1053.21
SBIN.NS,SBI,Banking,968.5,893985.0,10.63,1.51,1.79,15.48,22.29,3.8,-3.1,,22.2,-9.65,-18.92,1.37,,22.25,1234.7,781.7,1195.0,23.39,17,50.7,29.9,strong_buy,0.47,1022.98,964.85
TECHM.NS,Tech Mahindra,IT,1458.7,129200.0,26.95,4.7,3.55,16.61,8.47,12.6,15.9,7.27,48.9,3.59,0.12,-0.19,,25.23,1854.0,1304.1,1584.15,8.6,36,79.0,30.0,buy,0.18,1425.82,1489.06
TVSMOTOR.NS,TVS Motor,Auto,3454.9,164186.0,54.42,49.14,0.35,31.62,5.38,31.3,19.1,306.09,38.76,-1.17,-9.15,0.73,,25.81,3970.0,2655.1,3942.4055,14.11,50,95.1,32.0,buy,0.08,3527.53,3541.28
HCLTECH.NS,HCL Tech,IT,1161.9,314370.0,18.95,4.2,8.24,23.36,12.8,5.3,-0.2,6.93,42.07,-2.85,-17.57,-25.83,,24.61,1780.1,1103.4,1427.375,22.85,26,58.4,32.2,hold,0.07,1274.63,1443.81
BANKBARODA.NS,Bank of Baroda,Banking,270.55,139911.0,7.05,0.84,3.12,12.74,31.18,-7.6,7.1,,50.28,1.02,-12.46,-4.79,,26.0,325.5,230.52,311.64706,15.19,21,49.7,32.7,buy,0.46,269.75,275.42
HDFCBANK.NS,HDFC Bank,Banking,778.9,1199212.0,17.37,2.12,1.65,13.82,26.83,-1.8,7.5,,42.34,-0.47,-14.58,-21.96,,19.01,1020.5,726.65,1039.7949,33.5,27,58.4,32.8,strong_buy,0.48,783.52,919.14
EICHERMOT.NS,Eicher Motors,Auto,7376.0,202469.0,36.71,8.06,0.94,23.77,23.56,19.1,11.5,2.05,52.68,4.31,-7.06,3.38,,25.54,8230.0,5219.5,7815.7646,5.96,43,82.0,33.0,buy,0.3,7036.04,7016.84
MARUTI.NS,Maruti Suzuki,Auto,13208.0,415263.0,28.25,3.88,1.06,14.43,8.01,28.2,-6.4,0.1,32.3,2.45,-11.81,-17.33,,22.99,17370.0,12016.0,15886.5,20.28,33,65.9,33.4,buy,0.31,13091.32,14879.46
VEDL.NS,Vedanta,Metals & Mining,344.9,134677.0,19.2,3.35,10.23,20.4,22.68,-41.3,92.2,48.04,63.19,-53.35,-48.62,-29.36,,73.36,795.0,268.7,308.25,-10.63,33,66.1,33.4,none,0.11,560.6,545.07
SUNPHARMA.NS,Sun Pharma,Pharma,1840.8,441670.0,38.46,5.67,0.9,14.72,19.64,12.8,25.6,5.52,48.26,5.35,6.75,4.11,,19.7,1916.6,1548.0,2041.7352,10.92,48,88.5,33.4,buy,0.1,1774.56,1707.1
DABUR.NS,Dabur India,FMCG,447.6,79390.0,42.07,6.95,1.84,16.24,14.36,7.3,15.2,10.91,38.34,-0.57,-12.18,-13.2,,22.44,577.0,403.35,527.1081,17.76,39,73.9,33.9,buy,0.41,444.98,493.91
SAIL.NS,SAIL,Metals & Mining,203.84,84197.0,24.95,1.45,0.81,,2.55,11.8,167.6,57.76,62.93,9.81,28.4,52.03,,34.59,209.7,118.1,181.82143,-10.8,51,89.4,34.8,hold,0.92,173.68,147.47
MARICO.NS,Marico,FMCG,830.0,107552.0,61.07,25.36,0.49,41.39,12.95,22.1,14.5,12.39,58.3,6.29,5.3,12.18,,17.56,848.8,680.3,895.4474,7.89,51,88.0,35.4,buy,0.17,781.02,748.32
BHEL.NS,Bharat Heavy Electricals,DEFENCE,417.75,145463.0,90.62,5.56,12.0,6.29,4.74,36.9,156.4,31.31,65.77,17.77,62.36,47.88,,34.45,420.95,205.12,332.15,-20.49,60,100.0,36.0,hold,0.86,327.04,273.07
WIPRO.NS,Wipro,IT,203.73,213665.0,16.22,2.38,8.22,15.49,14.25,7.7,-1.6,22.85,56.67,1.07,-2.92,-14.52,,23.07,273.1,186.5,209.775,2.97,30,54.8,36.1,hold,0.37,197.97,228.27
POWERGRID.NS,Power Grid,Energy,292.55,272089.0,14.55,2.71,4.15,16.49,34.08,-5.0,9.6,150.99,21.6,-8.29,-2.14,6.57,,19.67,324.95,250.0,328.8,12.39,28,50.2,36.7,buy,0.24,305.42,282.44
AXISBANK.NS,Axis Bank,Banking,1299.3,404031.0,15.39,1.88,8.0,13.15,35.41,-11.2,6.4,,51.71,0.8,-5.04,1.84,,23.47,1418.3,1042.5,1580.7,21.66,27,47.5,37.2,strong_buy,0.45,1272.87,1238.02
NMDC.NS,NMDC,Metals & Mining,90.67,79715.0,11.55,2.46,3.88,,24.88,15.9,-6.5,11.21,53.87,-0.25,13.15,27.09,,26.97,94.25,66.8,82.47368,-9.04,32,52.9,38.0,hold,0.68,85.49,77.72
TATACONSUM.NS,Tata Consumer,FMCG,1187.6,117521.0,76.37,5.78,0.84,6.94,7.6,17.9,21.5,12.16,60.51,4.35,3.58,1.23,,21.58,1282.7,1007.2,1347.8276,13.49,54,85.9,38.0,buy,0.41,1120.79,1128.65
BEL.NS,Bharat Electronics,DEFENCE,420.1,307084.0,50.55,12.8,1.03,27.56,21.96,11.7,4.5,0.27,38.17,-3.59,-4.37,1.33,,25.43,473.45,361.2,491.07144,16.89,44,69.9,38.4,buy,0.3,431.94,414.36
GODREJCP.NS,Godrej Consumer,FMCG,1031.8,105578.0,56.82,8.33,1.96,15.1,12.26,8.4,9.7,34.9,35.43,-5.04,-14.01,-7.44,,24.16,1309.0,967.05,1262.4166,22.35,44,68.9,38.8,buy,0.39,1046.51,1140.68
ASHOKLEY.NS,Ashok Leyland,Auto,160.54,94299.0,28.52,7.47,1.9,,6.15,23.6,6.6,327.89,41.22,-4.17,-23.13,10.95,,33.65,215.42,114.96,197.78789,23.2,47,73.6,38.8,buy,0.47,165.02,161.34
INDUSINDBK.NS,IndusInd Bank,Banking,932.3,72636.0,81.85,1.1,16.0,1.36,5.16,272.7,,,45.02,5.28,0.67,10.13,,28.27,968.85,710.6,877.3333,-5.9,44,68.4,39.0,hold,0.56,860.55,839.53
HAL.NS,Hindustan Aeronautics,DEFENCE,4427.7,296114.0,32.48,7.22,1.13,23.98,27.55,1.8,5.5,0.03,38.05,1.99,6.18,-2.84,,26.76,5147.0,3479.1,5157.4585,16.48,41,62.1,39.7,buy,0.55,4194.47,4385.69
IPCALAB.NS,IPCA Labs,Pharma,1578.0,40035.0,44.05,4.86,0.25,,9.57,6.6,23.6,14.43,52.27,2.67,8.84,9.72,,29.95,1678.3,1251.6,1658.6666,5.11,53,79.4,40.0,none,0.07,1536.44,1438.3
RELIANCE.NS,Reliance Industries,Energy,1356.3,1835409.0,22.7,2.03,0.4,9.14,7.64,12.5,-12.6,36.65,29.23,-2.35,-4.45,-12.3,,19.94,1611.8,1290.0,1696.625,25.09,36,48.1,42.3,strong_buy,0.24,1374.09,1429.56
VBL.NS,Varun Beverages,FMCG,531.3,179701.0,56.58,9.18,0.38,,14.02,18.1,20.0,12.71,62.61,2.56,17.32,18.95,,28.89,543.95,381.0,587.2308,10.53,60,82.5,43.0,strong_buy,0.27,463.42,468.85
COLPAL.NS,Colgate-Palmolive,FMCG,2077.1,56494.0,42.69,35.66,2.29,81.59,21.96,9.1,-0.5,2.99,36.86,-2.26,-5.5,-4.75,,22.72,2519.0,1782.0,2246.4814,8.15,47,62.8,43.1,hold,0.56,2034.82,2153.13
KOTAKBANK.NS,Kotak Mahindra Bank,Banking,388.65,386569.0,20.02,2.13,13.0,11.39,26.05,-11.0,9.8,,60.96,2.83,-7.76,-6.92,,21.17,453.2,345.5,461.12222,18.65,41,52.5,43.6,buy,0.31,375.25,406.55
DIVISLAB.NS,Divi's Labs,Pharma,6753.0,179271.0,69.89,11.62,0.44,16.19,24.32,9.5,13.6,0.04,52.87,4.26,7.23,4.5,,21.78,7071.5,5636.5,7040.0,4.25,57,74.0,44.6,hold,0.22,6357.65,6306.31
AUROPHARMA.NS,Aurobindo Pharma,Pharma,1461.2,84074.0,24.2,2.24,0.27,9.93,10.41,5.6,1.9,21.31,44.18,2.71,26.1,20.99,,26.15,1550.0,1016.1,1489.8572,1.96,47,57.4,45.2,buy,0.03,1391.55,1207.89
ALKEM.NS,Alkem Labs,Pharma,5380.0,64326.0,27.14,4.82,0.94,,16.64,10.7,1.6,17.06,36.04,-0.71,-0.22,-4.85,,22.29,5933.5,4716.2,5959.1,10.76,41,48.2,45.3,buy,0.29,5413.83,5473.29
BEML.NS,BEML,DEFENCE,1844.7,15364.0,61.68,5.49,0.72,,5.92,23.7,,23.79,45.25,0.15,8.1,-2.97,,40.08,2437.4,1355.0,2042.6666,10.73,54,67.0,45.6,none,0.76,1701.59,1859.96
NTPC.NS,NTPC,Energy,389.7,377879.0,12.81,1.86,2.91,13.69,14.44,8.0,-1.6,118.13,43.95,-4.22,4.49,20.2,,17.81,414.4,315.55,434.8889,11.6,41,46.0,46.2,strong_buy,0.32,388.27,349.94
MOIL.NS,MOIL,Metals & Mining,301.6,6137.0,21.11,2.27,4.66,10.01,18.16,2.6,-19.9,,40.96,-9.16,1.14,-6.42,,40.83,405.6,242.35,371.66666,23.23,37,33.2,48.9,none,0.4,303.24,328.88
NATIONALUM.NS,National Aluminium,Metals & Mining,416.2,76441.0,12.44,3.54,1.99,29.42,31.32,1.0,-16.7,0.28,57.02,-5.26,22.59,68.94,,37.0,445.15,176.34,402.36365,-3.32,40,37.0,49.2,hold,0.6,403.54,302.45
LTTS.NS,L&T Technology,IT,3540.7,37556.0,30.63,5.8,1.64,19.54,11.63,-4.2,6.7,8.91,35.66,0.4,5.42,-16.05,,32.33,4726.0,3010.0,3658.8276,3.34,55,57.2,50.1,hold,0.09,3426.49,3903.45
ITC.NS,ITC,FMCG,301.65,377951.0,18.28,5.21,5.26,29.34,26.23,-5.0,-72.7,3.29,36.63,-0.92,-7.75,-24.49,,18.84,444.2,287.0,352.625,16.9,36,15.1,55.6,hold,-0.02,303.59,356.34
HINDALCO.NS,Hindalco,Metals & Mining,1103.8,246827.0,18.35,1.82,0.45,10.29,4.87,20.4,-50.9,72.6,61.53,2.75,17.97,41.93,,26.45,1119.8,618.0,1105.4615,0.15,50,35.4,55.8,hold,0.82,1001.09,872.4
DLF.NS,DLF,Real Estate,589.8,145994.0,33.08,3.21,1.01,10.03,53.88,-42.0,-1.1,0.67,41.75,0.32,-6.28,-18.69,,27.41,886.8,489.4,821.9091,39.35,48,29.9,56.8,strong_buy,0.34,570.58,674.14
TORNTPHARM.NS,Torrent Pharma,Pharma,4452.1,150679.0,69.54,17.85,0.83,16.98,15.47,41.8,-21.8,85.44,55.43,6.44,4.96,21.6,,20.08,4712.9,3102.0,4829.1113,8.47,65,51.3,58.5,buy,0.14,4262.49,3900.14
BRIGADE.NS,Brigade Enterprises,Real Estate,672.45,16450.0,2490.56,2.41,0.37,10.79,11.31,-0.2,-42.4,84.32,15.5,-16.01,-9.21,-25.18,,32.07,1332.0,601.0,1009.6,50.14,49,19.1,61.8,strong_buy,0.24,716.35,840.3
LT.NS,Larsen & Toubro,DEFENCE,4037.8,555467.0,34.52,5.08,0.94,16.95,5.51,11.7,-34.5,97.64,57.08,0.98,-6.93,1.3,,24.33,4440.0,3288.1,4493.8066,11.29,64,41.2,61.9,buy,0.49,3821.72,3849.69
RAYMOND.NS,Raymond,Real Estate,551.85,3673.0,108.42,1.13,0.0,1.47,231.04,,-99.1,33.84,59.16,16.95,38.46,11.26,,43.47,783.9,320.0,655.0,18.69,51,16.4,64.0,none,0.36,431.47,486.33
IDFCFIRSTB.NS,IDFC First Bank,Banking,70.22,60466.0,37.35,1.29,0.36,,32.78,-1.1,-23.2,,53.24,2.2,-15.91,-10.35,,31.55,87.0,58.08,75.05556,6.89,56,23.8,64.1,none,,66.36,74.54
COCHINSHIP.NS,Cochin Shipyard,DEFENCE,1526.2,40151.0,56.07,7.04,0.87,12.52,14.27,-15.6,-3.8,28.47,27.72,-9.99,0.57,-9.87,,39.65,2545.0,1187.0,1261.5,-17.34,72,35.5,69.0,underperform,0.7,1514.91,1617.23
CIPLA.NS,Cipla,Pharma,1417.5,114506.0,29.57,3.48,0.92,11.74,14.0,-3.8,-54.6,1.78,59.58,8.5,5.7,-6.24,,20.94,1673.0,1165.7,1459.5676,2.97,61,16.5,70.0,buy,0.09,1295.43,1436.02
TATAPOWER.NS,Tata Power,Energy,420.95,134508.0,35.98,3.55,0.6,11.34,6.0,-12.8,-4.6,167.81,35.03,-8.85,11.36,8.77,,21.05,464.9,342.5,432.77466,2.81,76,36.6,71.0,buy,0.37,414.3,390.62
DRREDDY.NS,Dr. Reddy's,Pharma,1327.9,110560.0,26.38,2.94,0.6,11.83,12.76,-11.6,-86.2,20.33,54.64,-1.97,3.71,6.75,,23.14,1379.7,1148.4,1331.7726,0.29,61,10.3,72.5,hold,0.29,1279.2,1261.29
TMPV.NS,Tata Motors PV,Auto,385.6,141995.0,7.17,1.28,1.61,-1.12,24.55,-11.8,-32.9,65.31,67.36,8.82,2.64,6.86,,31.77,419.0,294.3,377.07407,-2.21,55,0.0,73.0,hold,0.78,338.96,
BIOCON.NS,Biocon,Pharma,436.15,70627.0,153.57,2.04,12.0,1.15,2.28,2.3,-72.5,42.15,88.44,20.22,13.6,9.9,,26.06,440.4,327.6,416.55,-4.49,72,18.2,75.9,buy,0.23,378.18,375.79
BDL.NS,Bharat Dynamics,DEFENCE,1329.9,48749.0,84.28,11.56,0.39,,15.51,-31.9,-50.4,0.03,38.53,-4.78,1.49,-11.77,,38.73,2096.6,1086.0,1520.1666,14.31,66,0.0,79.6,none,0.34,1319.57,1427.03
